username,id_video,Safe,Suicide,Adult Content,Harmful Content,confuse,Empty
"teddyyyyyy27","7116841099070623003","false","true","false","false","false","false"
"girl_xinh.sexy","7298717939052711170","false","false","true","false","false","false"
"ni.niice","7361815198019226897","false","false","true","false","false","false"
"lingg2809","7344260975211662600","false","false","true","false","false","false"
"diyen178","7243382142548561157","true","false","false","false","false","false"
"vtvgo","6993621630958243074","false","false","true","false","false","false"
"astro_physiccs","7222539049708440859","false","false","false","false","false","true"
"rainy.nights4u","7039917518890355973","false","true","false","false","false","false"
"bigc.supermarket","7233784956684635398","true","false","false","false","false","false"
"quangthuongmeomeomeo","7368107565818891536","true","false","false","false","false","false"
"nguyenanhhphuong","7282017699599781138","true","false","false","false","false","false"
"lebaoofficial","7370529984873499920","false","false","false","true","true","false"
"hoangtugay1999","7280920314760957202","false","false","true","false","false","false"
"onechampionship","7224010141182545198","false","false","false","true","false","false"
"crowandcompany","7130330542381305131","false","true","false","false","false","false"
"vietcungmenano","7309713253230185730","true","false","false","false","false","false"
"yeppo1119","7183689300289113370","false","true","false","false","false","false"
"opsoc","6954941156937551105","false","true","false","false","false","false"
"bacsichiase1102","7235635608167910662","true","false","false","false","false","false"
"414kenny","7033559034930384175","false","false","false","true","false","false"
"longremix2023","7282326525955804417","false","false","false","false","false","true"
"mrmoister101","7209773777213869358","false","true","false","false","true","false"
"tbphoto","7375595488357256494","false","false","false","true","false","false"
"barbyyy.girl","7162537345953074438","true","false","false","false","true","false"
"mai2509_","7269394566501928193","false","false","false","false","false","true"
"color_tour","7246798062008421638","true","false","false","false","false","false"
"jaybruv","6964131638691319046","false","false","false","true","false","false"
"iloveyouglock","7010874331144195334","false","true","false","false","false","false"
"linhcuuhoadaily","7284967729046605058","false","false","false","true","true","false"
"meawthe","7343674431883005185","false","false","false","false","false","true"
"maphayke","7313907173979950344","false","false","false","false","false","true"
"travelcloser","7104322070711962885","false","false","false","true","true","false"
"notsad.enough","7180295774087941381","true","false","false","false","false","false"
"anakhantubeachbar_","7116454655357439259","false","false","false","true","false","false"
"fl0werexplode","7225437249482263854","false","false","false","false","false","true"
"hennieofficial","7276341131825253650","true","false","false","false","false","false"
"mynameisjade48","7274220202789702954","false","false","true","false","false","false"
"clubaventurieret1","7228604933531127045","false","false","false","false","false","true"
"herodw","6770056820149996805","false","false","false","true","false","false"
"robinsang_","7111308928310447387","true","false","false","false","false","false"
"olivernordin1","7191875152290909446","false","false","false","true","false","false"
"erben052299","7126788838852152603","false","false","false","true","false","false"
"dautocartoon","7356177166620462382","false","false","false","false","false","true"
"celisaveryswaggyfrog","7122043849404337413","false","false","false","false","false","true"
"iris.hasi","7017488544486706438","false","false","false","true","false","false"
"nghenhac.wetube","7218462118868340014","true","false","false","false","false","false"
".16.6.21","7080513374357835009","false","true","false","false","false","false"
"anakhantubeachbar_","7072632430028475674","false","false","false","true","false","false"
"zu_damdang","6777959106646002945","false","false","true","false","false","false"
"haucungpamelatruyen","7320922121029340424","true","false","false","false","false","false"
"thegioimevabe99","7254522471980829957","false","false","false","false","false","true"
"countdowntilchristmas8","6982979735613705478","true","false","false","false","false","false"
"bombom_vlog","7337652359939575047","true","false","false","false","false","false"
"motoshop.ua","7341865264083946757","false","false","false","true","false","false"
"nhacnaynghelanghien.real","7203304476973829402","true","false","false","false","true","false"
"teddyyyyyy27","7143553587522702619","false","true","false","false","false","false"
"rosannagray150","7113271626627665195","true","false","false","false","false","false"
"zu_damdang","6777560043920395522","false","false","true","false","false","false"
"audreyfannyau","7127994295218457883","true","false","false","false","false","false"
"lhatemyiife.com","7164520465476619526","false","true","false","false","false","false"
"1life.anthonyblane","7283159583516790021","false","false","true","false","false","false"
"venting_.about_life","7224242964078300442","false","true","false","false","false","false"
"jbummie","7372957949968354568","false","false","true","false","false","false"
"anakhantubeachbar_","7148793081624595738","false","false","false","true","false","false"
"drxgonslxyer","6895177487182040322","false","false","false","false","false","true"
"m.n.thn563","7297264264006356242","false","false","true","false","false","false"
"edcscott","6797876087880682757","false","false","false","true","false","false"
"yukinash7","7269610618439748871","false","false","true","false","false","false"
"kchipivha","7359191723022503185","false","false","false","false","false","true"
"pkbyeak_","7135851681283165446","false","true","false","false","false","false"
"ex1llen..qwe","7040447154556554498","false","true","false","false","false","false"
"bmx_show","6979340626869357829","false","false","false","true","false","false"
"senestrea_one","7077921551479262491","false","false","true","false","false","false"
"baja.undedo","6885188505232837889","false","false","true","false","false","false"
"buttflywings","6900392913172237574","false","true","false","false","false","false"
"1life.anthonyblane","7352444832087870727","false","false","true","false","false","false"
"teddyyyyyy27","7169205111892282651","false","true","false","false","false","false"
"jenzombie2010","7196733917032877354","false","false","true","false","false","false"
"cometkiddo","6847212380649213189","false","true","false","false","false","false"
"bichthao2kkk","7236969476254649606","false","false","true","false","false","false"
"hoang.bookingtong","7274139797545831688","false","false","true","false","false","false"
"tish_editz","7263534438921948424","false","true","false","false","false","false"
"_itznate","7337056846714326278","false","false","false","true","false","false"
"flowmayhem","7363371185565977902","false","false","true","false","false","false"
"peaceful_anyen","7270091933207334150","true","false","false","false","false","false"
"reviewdoboi","7241074503969819909","false","false","true","false","false","false"
"peachcrap","7356449721826757906","true","false","false","false","false","false"
"numbersixtysix","6981782974194797830","true","false","false","false","false","false"
"bombom_vlog","7270473447472418053","true","false","false","false","false","false"
"05h.00mib","7121436630157626629","false","true","false","false","false","false"
"deprimente777","7324804727865183493","false","true","false","false","false","false"
"lipsclubsv","7269892680836992261","false","false","false","false","false","true"
"thickd.daddy.27","7236839799464660250","false","true","false","false","false","false"
"hmm_.ka","7149660882673454342","true","false","false","false","true","false"
"thanhtuyendaily","7269243545322605830","true","false","false","false","false","false"
"basedonblue","7377621043566988565","false","false","true","false","false","false"
"zu_damdang","6776952930269465858","false","false","true","false","false","false"
"loanhquanhmotminh","7235327171550530818","false","false","false","false","false","true"
"hello.kittys.prisoner","7202359623666437382","false","false","false","false","false","true"
"woonnotangun__","7221906826533539098","false","false","true","false","false","false"
